content,category
A regional supermarket chain has announced plans to expand its presence across northern England after reporting stronger than expected sales during the winter trading period. Norchester Foods, which operates 68 stores in towns and smaller cities, said demand for locally sourced produce and budget ranges had helped boost revenue by 14% over the past year. Chief executive Martin Hale said the company would invest £120m over the next three years to open 25 additional stores and upgrade existing outlets. The firm has focused heavily on partnerships with nearby farms and food producers, a strategy Mr Hale said allowed it to maintain stable prices while larger competitors faced supply disruptions. Analysts say the company’s growth reflects a broader shift among shoppers seeking value and shorter supply chains. The expansion will create an estimated 1,500 jobs, primarily in distribution and store management. Local councils in several areas have welcomed the announcement, noting the potential economic benefits for high streets that have struggled since the pandemic. However, retail unions warned that rapid expansion must not come at the cost of worker protections. Norchester said all new roles would be permanent positions with training opportunities and progression routes. The company also confirmed plans to develop a new distribution centre near Carlisle, designed to improve delivery efficiency and reduce fuel usage through electric vehicle fleets. Environmental groups cautiously welcomed the move but urged the firm to publish clearer targets for emissions reductions. Industry observers say the chain’s performance will be closely watched by competitors attempting to regain market share in the discount grocery sector.,
A new independent film festival has opened in the coastal city of Port Devon, drawing filmmakers and audiences from across the UK and beyond. The week-long event, known as the Harbour Lights Festival, aims to highlight emerging directors and experimental storytelling often overlooked by larger international festivals. Organisers said more than 90 films from 27 countries would be screened in converted warehouses and restored cinemas around the harbour district. Festival director Lila Crowther described the event as a platform for “voices that rarely find space in mainstream distribution”. Several premieres have already attracted attention, including a Welsh-language drama exploring rural life and a documentary about urban gardening initiatives. Local businesses reported an increase in visitors since the festival began, with hotels near capacity and restaurants extending opening hours. The city council helped fund the event with a cultural grant, arguing that it could strengthen the region’s reputation as a creative hub. Critics attending the festival praised the diversity of themes and filmmaking styles on display. However, some industry figures questioned whether smaller festivals could maintain momentum without long-term financial backing. Ms Crowther acknowledged the challenge but said sponsorship agreements were already being negotiated for next year. The programme also includes workshops for young filmmakers and discussions on the future of independent cinema in the digital age. Several streaming platforms have sent representatives to scout potential acquisitions, reflecting the growing appetite for unconventional storytelling. Residents say the festival has brought renewed energy to the harbour area, with outdoor screenings drawing crowds late into the evening.,
Members of the National Assembly of Eastford have voted to begin formal consultations on a proposed reform of regional transport funding, a move supporters say could reshape how infrastructure projects are prioritised. The plan would give local authorities greater influence over which road and rail developments receive central grants. Transport minister Elaine Durrant told lawmakers that current funding models often overlook smaller communities. “We need a system that reflects local knowledge rather than relying entirely on national projections,” she said during the debate. Critics within the opposition argued the proposal risks creating unequal investment between wealthier and poorer regions. Several lawmakers called for stronger safeguards to ensure rural areas are not left behind. The government has pledged to publish a detailed consultation paper next month outlining potential funding formulas and oversight mechanisms. Local councils would be invited to submit evidence and recommendations. Policy analysts say the initiative reflects growing pressure for decentralisation across several policy areas. Public transport groups welcomed the possibility of more targeted funding but warned that long-term stability must remain a priority. “Infrastructure planning requires certainty over decades, not election cycles,” said one campaign leader. The Assembly’s committee on economic development will now review the proposal before any legislation is drafted. Officials indicated that a final vote on reforms could take place early next year. Meanwhile, transport authorities have been encouraged to identify pilot projects that might demonstrate how regional decision-making could function in practice.,
The manager of Riverside United has defended his team’s cautious playing style after supporters voiced frustration following a series of goalless draws in the national football league. The club, currently sitting fourth in the table, has conceded the fewest goals this season but has also struggled to convert scoring opportunities. Head coach Daniel Mercer said maintaining defensive discipline was essential during a demanding run of fixtures. “We’re competing in a very tight league. One mistake can cost you several places,” he told reporters after Saturday’s match. Some fans leaving the stadium said they appreciated the team’s resilience but hoped for a more attacking approach in upcoming games. Sports analysts note that Riverside’s defensive record has kept them within reach of the championship despite inconsistent finishing. Club captain Leo Hartwell acknowledged the criticism but said players remained confident in the tactical approach. Training sessions this week have focused on improving coordination between midfield and forward positions. The club’s academy graduates have also begun to feature more regularly in first-team squads, a development Mercer described as encouraging for long-term success. Riverside United will face league leaders Northbridge City next weekend in a match widely seen as a test of whether the side can challenge for the title. Ticket demand has surged, with the stadium expected to reach full capacity. Supporters’ groups have urged fans to back the team regardless of playing style, saying stability on the pitch has already brought significant progress compared with previous seasons.,
Researchers at a technology institute in the Midlands have unveiled a prototype battery system designed to extend the lifespan of household solar storage units. The device uses a new layered electrolyte structure that engineers say improves efficiency and reduces degradation over time. According to the development team, early tests suggest the system could increase storage capacity by up to 30% compared with conventional lithium-ion batteries. Project leader Dr Rohan Patel said the design was inspired by techniques used in grid-scale energy storage but adapted for domestic use. “Home energy systems are becoming more common, yet many households struggle with battery replacement costs after several years,” he explained. The research group believes the innovation could lower long-term expenses and encourage wider adoption of renewable technologies. Industry experts said the concept shows promise but will require extensive safety testing before commercial production. Several energy companies have already expressed interest in partnering on pilot installations. Government officials observing the project described it as an example of how university research can support national climate goals. Environmental organisations welcomed the announcement, noting that improved battery durability could reduce electronic waste. However, they also stressed the need for responsible sourcing of raw materials used in battery manufacturing. The prototype will undergo further trials over the next year, including testing in homes across three regions. If successful, the research team hopes the technology could reach the consumer market within five years.,
A manufacturing cooperative in the west of Scotland has reported a surge in overseas orders after introducing a new digital platform for small exporters. The organisation, Clyde Craft Industries, represents more than 40 workshops producing furniture, textiles and metalwork. By pooling resources through a shared online marketplace, the cooperative said members had been able to reach buyers in Europe and Asia without relying on traditional intermediaries. Sales director Fiona McBride said international demand for handcrafted products had grown steadily, particularly among retailers seeking distinctive items. “Many small producers struggle with logistics and marketing. By working together, they can compete in markets that once seemed inaccessible,” she explained. The platform includes translation tools, shipping coordination and joint promotional campaigns. Economists say cooperative models are gaining renewed interest as smaller firms attempt to navigate global competition. Local authorities have praised the initiative, highlighting its role in sustaining rural employment. However, some trade specialists warned that fluctuations in currency and shipping costs could affect long-term profitability. Clyde Craft Industries said it was exploring partnerships with logistics providers to stabilise delivery rates. Workshops involved in the scheme have reported increased workloads, prompting several to hire additional apprentices. Education groups say the expansion could help revive traditional skills that have declined in recent decades. The cooperative plans to expand the platform next year to include training resources and design collaboration tools.,
An outdoor theatre production staged in a historic park has attracted thousands of visitors during its opening weekend, despite unpredictable weather. The play, an original adaptation of a classic adventure novel, features a rotating cast of performers and musicians. Organisers of the Greenwood Summer Stage said audiences had embraced the open-air format, bringing blankets and picnic baskets to evening performances. Director Samuel Keene said the production aimed to combine theatrical storytelling with the natural setting of the park. “The landscape becomes part of the narrative,” he said. Actors move between different parts of the grounds, encouraging spectators to follow the action from scene to scene. Cultural commentators say immersive theatre has grown in popularity as audiences seek more interactive experiences. Local tourism officials reported a noticeable increase in visitors since rehearsals began earlier in the month. Several nearby cafés and hotels said the performances had extended the summer tourist season. Critics attending the premiere praised the creativity of the staging but noted that outdoor acoustics occasionally made dialogue difficult to hear. The production team said additional sound equipment would be installed before the next round of performances. The show is scheduled to run for six weeks, with tickets nearly sold out for several upcoming dates. Organisers hope the success will allow the event to become an annual tradition.,
Lawmakers in the Republic of Norland have begun debating a proposal to introduce a citizens’ assembly aimed at shaping future environmental policy. The government says the initiative would bring together randomly selected residents to examine complex issues such as coastal protection and agricultural emissions. Prime minister Adrian Varga described the plan as a way to strengthen democratic participation. “Public trust improves when people see their voices reflected in policy decisions,” he told parliament. Supporters argue that citizens’ assemblies have produced thoughtful recommendations in other countries by giving participants time to study evidence and consult experts. Opposition parties expressed cautious support but insisted the process must remain transparent. Some critics questioned whether assembly members would truly represent the diversity of the population. Political analysts say the proposal reflects growing interest in participatory governance across Europe. Environmental groups welcomed the discussion, noting that climate policy often requires difficult trade-offs. Under the plan, the assembly would meet over several months and produce recommendations for parliament to consider. Government officials emphasised that final legislative authority would remain with elected representatives. The debate is expected to continue throughout the week as committees examine potential funding and organisational structures.,
A regional athletics championship held in the city of Belhurst has seen several young competitors break longstanding records in track and field events. Among the standout performances was 18-year-old sprinter Maya Kellington, who completed the 200 metres in a time that surpassed the previous under-20 record set more than a decade ago. Coaches described the result as evidence of strong development programmes within local sports clubs. The competition brought together more than 600 athletes from schools and training academies across the region. Organisers said the event had grown significantly in recent years, partly due to increased investment in youth sport facilities. Spectators filled the stadium stands throughout the weekend, with families travelling from neighbouring towns to watch the finals. Athletics federation officials praised the standard of competition, noting improvements in both sprint and distance events. Some coaches said the performances highlighted the importance of early access to quality training. Local authorities have pledged further funding for sports infrastructure, including a new indoor training centre planned for next year. Analysts say continued support will be crucial if young athletes are to transition successfully into national competitions. For many participants, however, the event was less about records and more about experience. “It’s the first time I’ve competed in a stadium this big,” said one runner after finishing her race.,
A start-up company developing autonomous delivery robots has begun trials in several suburban neighbourhoods, marking a new phase in the expansion of automated logistics. The firm, ParcelPath, says its small electric vehicles are designed to travel along pavements at walking speed while carrying groceries and parcels. During the pilot programme, customers placing online orders from participating shops can choose robotic delivery at checkout. Chief technology officer Laura Chen said the robots rely on a combination of sensors and mapping software to navigate safely around pedestrians. “Our goal is to reduce traffic from short delivery journeys while keeping costs manageable for retailers,” she explained. Local councils approved the trial on a temporary basis, requiring the company to collect data on safety and accessibility. Some residents have expressed curiosity about the machines, while others raised concerns about cluttered pavements. Urban planning experts say such technologies could play a role in reducing emissions if deployed responsibly. ParcelPath said each robot would be monitored remotely and could be stopped instantly if problems occurred. Early deliveries have reportedly been completed without incident. The company plans to publish the trial results later this year, which will inform decisions about wider deployment in other cities.,
A family-owned bakery chain has announced plans to transition to employee ownership after more than five decades in operation. The founders of Hartwell Breads said they wanted to secure the future of the business while rewarding long-serving staff. Under the arrangement, shares will gradually be transferred into a trust controlled by employees. Managing director Clara Hartwell said the decision followed months of consultation with financial advisers and workers’ representatives. “Our employees have built this company alongside us. This model ensures they share directly in its success,” she said. The bakery began as a single shop before expanding to 14 locations across the region. Analysts say employee ownership structures have gained popularity among mid-sized firms seeking alternatives to external investment. Staff members will continue to receive wages but will also benefit from annual profit distributions through the trust. Trade groups welcomed the announcement, describing it as a positive example of inclusive business practices. However, some economists caution that such transitions require careful governance to balance employee interests with long-term strategy. Hartwell Breads said it would introduce training programmes to help staff understand financial management and decision-making processes.,
A new television drama set in a fictional coastal community has become an unexpected hit with viewers, according to overnight audience figures released by the Broadview Broadcasting Network. The series, titled Tides of Alder Bay, follows several families whose lives intersect through a local fishing cooperative. Critics have praised the programme’s measured storytelling and emphasis on character development. Lead writer Joanna Leigh said the creative team aimed to portray everyday life rather than dramatic spectacle. “The stories are about relationships, livelihoods and the rhythms of a small town,” she explained in an interview. Filming took place in several villages along the south coast, bringing temporary employment to local crews and hospitality businesses. Tourism officials say the show has already sparked interest from visitors hoping to see the filming locations. Television analysts note that slower-paced dramas have recently gained popularity as audiences seek alternatives to high-budget action series. Broadview said the first episode attracted more than six million viewers, making it one of the channel’s most successful premieres in recent years. Producers confirmed that scripts for a second series are already under development.,
A coalition of smaller political parties has called for greater transparency in government procurement following questions about several large infrastructure contracts. Representatives from the Reform Alliance said current reporting rules make it difficult for the public to track how major projects are awarded. During a press conference in the capital, alliance spokesperson Marta Elson argued that clearer disclosure would strengthen accountability. “Taxpayers deserve to understand how their money is being used,” she said. The government responded that procurement processes already follow strict legal standards but acknowledged that reporting systems could be improved. Officials from the national audit office said they were reviewing procedures to determine whether additional oversight measures might be necessary. Political observers say the debate reflects wider concerns about public spending as infrastructure investment increases. Advocacy groups have suggested publishing more detailed contract data online, allowing citizens and journalists to monitor projects more easily. Parliamentary committees are expected to examine the issue in upcoming hearings.,
The national cycling federation has announced a new development programme aimed at identifying talented riders from rural communities. The initiative will establish training camps and provide equipment grants for young athletes who might otherwise struggle to access competitive cycling. Federation president Oliver Grant said the programme was inspired by grassroots clubs that have produced several promising riders in recent years. “Talent exists in many places, but opportunities do not,” he said. Coaches will travel to regional schools and community centres to organise selection trials. Successful participants will receive mentoring from experienced cyclists and sports scientists. Local authorities welcomed the initiative, saying improved access to sport can also promote healthier lifestyles. Analysts note that cycling has become increasingly professionalised, making early training and support crucial for athletes hoping to compete internationally. The federation said it aims to recruit at least 200 young riders during the first year of the programme.,
Engineers at a coastal research laboratory have developed a monitoring system designed to track subtle changes in sea levels along vulnerable shorelines. The technology uses a network of compact sensors anchored to piers and harbour walls, transmitting data in real time to climate scientists. Project coordinator Dr Helena Morris said the system could improve understanding of how tides and storm surges interact with local geography. “High-resolution data allows us to anticipate flooding risks more accurately,” she explained. The project has been funded jointly by academic institutions and environmental agencies. Early deployments have taken place in three small ports where communities face recurring winter flooding. Researchers hope the information gathered will help local authorities plan protective measures such as improved drainage and sea defences. Environmental groups say the initiative demonstrates how technology can support adaptation to changing climate conditions. Further installations are planned along additional sections of coastline over the next two years.,
A technology start-up specialising in digital archiving has launched a platform designed to preserve historical documents from small museums and libraries. The service allows institutions to scan fragile manuscripts and photographs, storing them securely in cloud-based collections accessible to researchers. Founder Daniel Okoye said many local archives struggle to maintain ageing records due to limited funding. “Digitisation ensures these materials remain available for future generations,” he said. Several regional museums have already joined the programme, uploading thousands of pages of records dating back to the nineteenth century. Historians welcomed the initiative, noting that digital access can open new opportunities for research collaboration. However, archivists emphasised the importance of maintaining original physical documents alongside digital copies. The company said it would provide training for museum staff to ensure scanning processes meet preservation standards.,
An investment group focused on renewable energy projects has confirmed plans to finance the construction of a large wind farm on former agricultural land in eastern counties. The project, known as Greenhaven Ridge, will include 40 turbines and is expected to generate enough electricity to power tens of thousands of homes. Project director Stefan Lund said the site was selected after extensive environmental assessments. “We worked closely with local communities to minimise visual and ecological impact,” he said. Some residents expressed concerns about landscape changes, while others welcomed the potential economic benefits. Construction is scheduled to begin next spring pending final regulatory approval. Energy analysts say developments of this scale are becoming more common as governments pursue climate targets.,
A touring orchestra has begun a series of concerts in smaller towns that rarely host large classical performances. The ensemble, known as the Northern Chamber Collective, said the tour was designed to bring live music to communities beyond major cultural centres. Artistic director Maria Fedorova explained that the programme includes both traditional symphonic pieces and contemporary compositions. “Music should not be confined to big cities,” she said. Local venues such as town halls and restored theatres have been adapted to accommodate the orchestra. Audiences attending the opening concert described the experience as both intimate and memorable. Cultural organisations say initiatives like this can broaden access to the arts and inspire young musicians.,
A parliamentary committee has opened an inquiry into how artificial intelligence might affect employment across several industries. Lawmakers will hear evidence from economists, technology companies and labour unions over the coming months. Committee chair David Langford said the goal is to understand how automation could reshape the workforce. “We must ensure innovation benefits society as a whole,” he said. Experts note that while AI systems can improve productivity, they may also alter traditional job roles. The inquiry will examine whether existing labour policies are sufficient to manage the transition.,
A regional rugby club has unveiled plans for a community sports complex that will include training pitches, fitness facilities and classrooms for youth programmes. Club officials said the project aims to strengthen links between professional players and local schools. Captain Rhys Calder described the initiative as an investment in the next generation of athletes. “Sport can build confidence and teamwork beyond the field,” he said. Construction of the complex is expected to begin later this year once planning permission is finalised.,A mid-sized logistics company has announced plans to introduce a four-day working week for office staff after a six-month internal trial suggested productivity had increased rather than declined. The firm, Calder Freight Solutions, operates distribution hubs across northern England and employs just over 1,200 people. According to chief executive Laura Bennett, the pilot scheme involved rotating teams working longer hours across four days while maintaining standard pay levels. “We monitored delivery schedules, customer satisfaction and staff wellbeing,” she said. “In most cases we saw improvements across all three.” Internal data released by the company suggested absenteeism fell by nearly 15% during the trial period, while employee surveys reported higher morale and lower stress levels. The company said warehouse operations would continue on traditional schedules but staff there would receive expanded shift flexibility. Business analysts say the experiment reflects a wider shift among employers exploring alternative working patterns following the growth of hybrid and remote work. Trade unions welcomed the move but warned that similar arrangements must not lead to longer unpaid hours. Calder Freight Solutions said it had consulted workers before finalising the policy and would continue monitoring the system over the next year. Economists say the logistics sector, traditionally associated with strict schedules, has been slower to adopt flexible working arrangements. If successful, the company’s approach may influence other firms seeking to improve staff retention in a competitive labour market.,
A small theatre company has drawn unexpectedly large audiences with a touring production that reimagines a classic fairy tale through modern choreography and digital projection. The show, called The Glass Garden, blends live acting with animated landscapes projected onto moving screens. Director Amina Rafiq said the concept was developed during workshops with dancers and visual artists who wanted to explore new storytelling techniques. “We wanted to keep the spirit of the original tale while presenting it in a way that feels contemporary,” she said. Performances began earlier this month in a converted warehouse theatre before moving to community venues across several cities. Audience members said the production’s visual effects created a sense of immersion rarely seen in smaller theatres. Cultural commentators say experimental stagecraft has become more common as creative teams integrate digital tools with traditional performance. The company hopes the tour will demonstrate that innovative theatre can thrive outside major metropolitan venues. Arts funding bodies have taken interest in the project as an example of collaboration between disciplines. Organisers say ticket sales have exceeded expectations, allowing the company to extend its tour into the autumn season.,
Lawmakers in the coastal nation of Valoria have approved a preliminary budget framework aimed at increasing spending on flood prevention and coastal infrastructure. The proposal passed the lower chamber after several hours of debate, with supporters arguing that recent winter storms exposed weaknesses in existing sea defences. Finance minister Tomas Iverin said the plan would allocate billions of euros to reinforce ports, strengthen drainage systems and restore wetlands that can absorb rising tides. Opposition parties largely backed the proposal but criticised the government for not acting sooner. Environmental groups welcomed the funding but emphasised that long-term planning would be essential as climate patterns evolve. The government said regional authorities would help determine which communities receive priority support. Economists noted that the investment could also stimulate construction employment in coastal regions where tourism has declined. The upper chamber is expected to review the budget proposal next month before it becomes law.,
Supporters gathered in large numbers as the city marathon returned after a year’s absence due to extensive road repairs along the traditional route. Organisers said more than 18,000 runners took part, including professional athletes and amateur participants raising funds for charities. The race was won by Kenyan-born runner Elias Mbeki, who finished several minutes ahead of the field with a time that narrowly missed the course record. Spectators lined the streets despite cool spring weather, creating a festive atmosphere with music and banners. Event director Hannah Cole said the marathon had become one of the city’s most important sporting events. “It brings together elite competition and community participation,” she explained. Local businesses reported increased foot traffic throughout the weekend as visitors arrived to watch the race. Health organisations involved in the event said participation had grown steadily in recent years, reflecting wider interest in endurance sports. City officials confirmed that the marathon would return to the same route next year following the successful reopening of major roads.,
A group of engineers has introduced a new software tool designed to help farmers monitor soil conditions using satellite data and automated analysis. The platform, developed by the start-up TerraScope Analytics, processes imagery from orbiting sensors to estimate moisture levels and nutrient balance across large fields. Farmers can access the results through a mobile dashboard that highlights areas requiring irrigation or fertiliser adjustments. Chief engineer Marta Kovalenko said the goal was to simplify complex agricultural data for everyday use. “Satellite technology has existed for years, but interpreting it often required specialist knowledge,” she explained. Agricultural advisers involved in the trial said the system could reduce waste by allowing more precise management of crops. Early tests on wheat and barley farms suggested water usage dropped significantly without affecting yields. Environmental groups welcomed the development, noting that precision farming techniques may help reduce chemical runoff into rivers. The company plans to expand trials across several European regions over the coming growing season.,
A cooperative of independent bookshops has reported rising sales after launching a shared online ordering system that allows customers to purchase titles from local retailers rather than large national chains. The initiative, known as the Corner Shelf Network, was developed by shop owners seeking to adapt to changes in reading habits. Customers browsing the website can see which nearby shop holds a particular title and arrange home delivery or in-store collection. Founder Margaret Tull described the platform as a way to preserve community bookshops while embracing digital convenience. “Readers increasingly discover books online, but many still value the personal recommendations of independent sellers,” she said. Since the network launched earlier this year, participating shops say online orders have doubled compared with previous levels. Publishing analysts note that independent retailers have struggled for decades against larger competitors with greater distribution capacity. The cooperative hopes the shared system will help smaller businesses remain visible in the digital marketplace.,
Film critics have praised a new historical drama that explores the lives of lighthouse keepers on a remote island during the early twentieth century. The film, titled Lanterns at the Edge, focuses on the isolation and resilience of the small community responsible for maintaining the coastal beacon. Director Tomas Velasquez said extensive research was conducted into maritime history before filming began. Much of the production took place on a windswept island off the northern coast, where crews built replica cottages to recreate the period setting. Actors involved in the project described the location as challenging but inspiring. Early screenings at regional cinemas have drawn strong audience reactions, with viewers commenting on the film’s atmospheric cinematography. Cultural historians said the story highlights a profession that has largely disappeared as automated lighthouses replaced human keepers. Producers confirmed that discussions are under way about distributing the film internationally later this year.,
Government officials in the state of Lydora have proposed legislation that would require public institutions to publish annual reports on digital security practices. The bill follows a series of cyber incidents that disrupted municipal services across several towns. Interior minister Sabine Keller said the aim was not only to strengthen defences but also to improve transparency. “Citizens rely on digital services every day, and they deserve reassurance that systems are protected,” she said during a parliamentary briefing. The proposal would require agencies to conduct regular security audits and publish summaries of their findings. Technology experts welcomed the measure but stressed that effective cybersecurity also depends on staff training and adequate funding. Opposition lawmakers signalled cautious support, noting that implementation costs must be carefully assessed. If approved, the law would come into effect at the start of the next fiscal year.,
A professional sailing regatta held along the southern coastline concluded with a closely contested final race that saw the veteran skipper Daniel Armitage claim his fourth championship title. Changing wind conditions throughout the afternoon forced several crews to adjust their strategies, creating dramatic shifts in the leaderboard. Spectators gathered on harbour walls and nearby beaches to watch the brightly coloured yachts navigate the course. Race organisers said the event attracted teams from eight countries, highlighting the growing international appeal of competitive sailing. Armitage’s crew credited their victory to consistent teamwork rather than risky manoeuvres. “The wind kept shifting, so patience became our greatest advantage,” he told reporters after crossing the finish line. Tourism officials said the regatta had provided a boost for coastal businesses during what is normally a quieter period before the summer season.,
Researchers have developed a wearable device capable of detecting early signs of dehydration by analysing subtle changes in skin chemistry. The small sensor patch, designed by scientists at a biomedical engineering institute, measures salt concentration in perspiration and sends alerts to a companion smartphone application. Lead researcher Dr Elena Markovic said the technology could benefit athletes, outdoor workers and elderly people who may not realise they are becoming dehydrated. Laboratory tests suggest the patch can provide accurate readings within minutes. The research team hopes future versions could integrate with fitness trackers and medical monitoring systems. Health specialists say the device demonstrates how wearable technology is expanding beyond exercise tracking into preventive healthcare. Clinical trials involving volunteers are expected to begin later this year.,
A regional airline has confirmed plans to introduce quieter hybrid aircraft on several domestic routes in an effort to reduce both fuel consumption and noise pollution. SkyReach Air said the aircraft combine conventional engines with electric propulsion systems that assist during take-off and landing. Chief operations officer Daniel Sato explained that hybrid propulsion could cut fuel usage by up to 20% on shorter journeys. Aviation analysts say airlines are under increasing pressure to lower emissions while maintaining reliable service. Environmental campaigners welcomed the announcement but noted that widespread adoption of cleaner aviation technology remains years away. The airline expects the first aircraft to enter service next summer following certification tests.,
A travelling exhibition celebrating the history of animation has opened at the Metropolitan Arts Centre, featuring original sketches, storyboards and early mechanical devices used in film production. Curators said the exhibition traces the evolution of animation from hand-drawn frames to computer-generated imagery. Visitors can experiment with interactive displays that demonstrate how movement is created through sequential images. Exhibition organiser Claire Dubois said the goal was to highlight the craftsmanship behind animated storytelling. “Many people see only the finished film, but the creative process is incredibly detailed,” she said. Schools have already scheduled group visits as part of arts education programmes. Museum officials expect the exhibition to tour several other cities after its current run ends.,
Members of parliament in the country of Arandia have begun reviewing a constitutional amendment that would lower the voting age in local elections from 18 to 16. Proponents argue that involving younger citizens in democratic processes could encourage lifelong civic participation. Education minister Luca Marin said teenagers already contribute to society through work and community activities. Opponents questioned whether schools should play a larger role in teaching political literacy before such a change is implemented. The parliamentary committee overseeing the amendment will hold public consultations before making its recommendation later in the year.,
An underdog cricket team from the Midlands has advanced to the national cup final after defeating a heavily favoured opponent in a tense semifinal match. The victory came after a dramatic final over in which bowler Tariq Rahman took two wickets in quick succession. Fans celebrated in the stands as the players shook hands with their rivals. Team captain Oliver Hayes said the result reflected months of disciplined training. “We knew we had the ability, but we needed belief,” he said. The final will be held next month at the national stadium, where organisers expect a large crowd.,
A software company specialising in language translation has introduced an artificial intelligence model designed to interpret regional dialects with greater accuracy. Developers say the system was trained using thousands of hours of recorded conversations from different parts of the country. Traditional translation tools often struggle with informal speech patterns and local vocabulary. Project leader Sofia Alvarez said the new model attempts to capture subtle linguistic variations that shape everyday communication. Businesses involved in international trade have shown interest in the technology as a way to improve customer service across language barriers. Linguists observing the project said such tools could also assist in documenting endangered dialects.,
A regional dairy cooperative has announced plans to invest in new processing equipment that will allow farmers to produce a wider range of speciality cheeses. Cooperative chairman Peter Holbrook said demand for artisanal dairy products has grown significantly in export markets. The facility upgrade, expected to cost several million pounds, will include ageing rooms designed to replicate traditional maturation conditions. Farmers involved in the cooperative believe the project could help stabilise incomes in rural communities where milk prices fluctuate. Food industry analysts say niche products often provide smaller producers with opportunities to compete globally.,
An independent music venue that closed during renovation work has reopened with upgraded acoustics and expanded rehearsal spaces for local artists. The building, originally constructed as a cinema in the 1930s, now hosts live performances several nights each week. Venue manager Louise Grant said the refurbishment aimed to support emerging musicians who lack access to professional recording studios. The reopening concert featured a lineup of regional bands performing to a full audience. City cultural officials described the venue as an important platform for grassroots music.,
Political leaders from three neighbouring countries have agreed to establish a joint task force addressing cross-border river pollution. The announcement followed a summit in which ministers discussed the environmental and economic impact of declining water quality. The task force will coordinate monitoring programmes and share scientific data between national agencies. Environmental advocates welcomed the agreement but stressed that enforcement measures would be essential. Officials said the first meeting of the task force is expected within the next two months.,
A national swimming championship concluded with several surprising results as young competitors challenged experienced athletes in multiple events. Sixteen-year-old swimmer Clara Jensen captured the women’s 400-metre freestyle title with a performance that broke her personal record. Coaches said the championship highlighted the depth of emerging talent within the sport. Spectators filled the aquatic centre throughout the weekend, creating an energetic atmosphere for the finals. Sports officials hope the performances will inspire more young people to join local swimming clubs.,
A team of researchers has demonstrated a prototype communication system that allows devices to exchange data using beams of visible light rather than traditional radio signals. The technology, known as Li-Fi, transmits information through rapid fluctuations in LED lighting. Scientists involved in the project say it could provide faster wireless connections in environments where radio interference is problematic. Demonstrations showed laptops downloading files through ceiling lights equipped with specialised transmitters. Experts caution that widespread adoption would require significant infrastructure changes, but they say the concept illustrates how everyday lighting systems might one day serve as high-speed data networks., A community renewable energy cooperative has secured funding to install rooftop solar panels on public buildings across a mid-sized city. The project, run by Green Neighbourhood Power, aims to generate clean electricity for schools, libraries and community centres while reducing municipal energy bills. Coordinator Jamal Khan said the initiative was launched after residents expressed interest in local ownership of energy production. “People want to see direct benefits from renewables in their neighbourhoods,” he explained. The cooperative plans to sell surplus power back to the grid and reinvest profits into further installations. Local authorities have praised the model as a way to accelerate the transition to net-zero emissions. Energy analysts note that community-owned projects can build public support for larger renewable developments.,
A new play exploring themes of migration and identity has opened to strong reviews at a regional theatre. The production, titled Crossing Tides, follows three generations of a family as they navigate life between two countries. Director Amina Rafiq said the script draws from real stories collected during community workshops. “These experiences deserve to be heard on stage,” she noted. Performances have drawn diverse audiences, with post-show discussions extending conversations about belonging and heritage. Critics praised the ensemble cast and innovative staging that incorporates live music and projections. The theatre company hopes to tour the production to other cities next season.,
A parliamentary inquiry has begun examining the impact of social media algorithms on political discourse. The committee will hear from platform representatives, academics and civil society groups over the coming weeks. Chair David Langford said the goal is to understand whether current regulations adequately protect democratic processes. “Algorithms shape what people see and believe,” he explained. Witnesses have already highlighted concerns about echo chambers and the spread of misinformation. Technology companies have defended their systems as neutral tools for content delivery. The inquiry is expected to produce recommendations for potential legislative changes by the end of the year.,
A professional badminton player has won her first international title after defeating a top-seeded opponent in the final of a major tournament. Twenty-four-year-old Nadia Chen described the victory as the culmination of years of dedicated training. “Every loss taught me something important,” she said after the match. The win has boosted her world ranking and secured qualification for upcoming championships. Sports commentators noted her exceptional footwork and tactical intelligence. National badminton associations hope her success will inspire more young players to take up the sport.,
A start-up has developed an app that connects local farmers directly with restaurants and consumers, bypassing traditional wholesalers. The platform, called FarmLink, allows buyers to see real-time availability and place orders for same-day or next-day delivery. Founder Priya Sharma said the system reduces food miles and gives producers better prices. “Cutting out middlemen means more value stays with the grower,” she explained. Early users report fresher produce and stronger relationships between suppliers and buyers. Agricultural organisations have welcomed the innovation as a way to support small-scale farming.,
An independent film about urban beekeeping has premiered at a national documentary festival. The feature follows a group of city dwellers who maintain rooftop hives to promote pollination and biodiversity. Director Liam Harper said the project highlights how individuals can contribute to environmental solutions. “Bees are essential, yet many people never see them up close,” he noted. The film includes practical advice on starting urban apiaries and has already sparked interest in community workshops. Festival judges praised its blend of education and personal storytelling.,
A regional government has approved funding for a network of electric vehicle charging points along major tourist routes. The project aims to support the growing number of visitors using electric cars while encouraging local adoption. Transport minister Rebecca Langford said the infrastructure will help reduce emissions from road travel. “Sustainable tourism benefits both the environment and the economy,” she explained. Installation will begin next spring, with priority given to rural areas where charging options remain limited.,
A youth swimming programme has introduced adaptive sessions for children with physical disabilities, using specialised equipment and trained instructors. The initiative provides inclusive access to water-based exercise and skill development. Programme coordinator Marcus Reid said participation has increased steadily since the sessions launched. “Swimming builds confidence and independence for everyone,” he noted. Local pools have partnered with disability organisations to ensure accessibility and safety.,
A technology company has released an open-source library for building privacy-focused mobile applications. The toolkit includes components for secure data storage, encrypted communication and minimal data collection. Founder Alex Rivera said the project responds to growing user concerns about app permissions. “Developers should have easy tools to respect privacy by design,” he explained. Independent developers and small teams have already begun incorporating the library into their projects.,
A historic windmill has been restored and converted into a working community bakery using traditional stone-ground flour. The project preserves local heritage while producing artisan bread for nearby shops and markets. Manager Sarah Bennett said the mill now serves as both a tourist attraction and an educational site. “People love seeing how food was made generations ago,” she noted. School groups visit regularly to learn about sustainable milling techniques.,
A professional hockey league has introduced stricter rules on player contact to reduce concussions and long-term injury risks. The changes include harsher penalties for dangerous checks and mandatory baseline testing. League commissioner Jordan Hayes said player health remains the top priority. “The game can be exciting without unnecessary risk,” he explained. Teams have begun implementing enhanced medical protocols and education programmes.,
A community orchestra has launched a series of free outdoor concerts in public parks during summer evenings. The performances feature a mix of classical favourites and contemporary pieces. Conductor Fiona Walsh said the events aim to bring live music to audiences who might not attend formal venues. “Music belongs in shared spaces,” she noted. Attendance has grown with each concert as word spreads through local networks.,
A national fencing federation has updated its coaching curriculum to include greater emphasis on mental preparation and injury prevention. The revised programme draws on sports psychology research and biomechanical studies. Federation president Oliver Grant said the changes will help develop well-rounded athletes. “Technical skill alone is not enough,” he explained.,
A research team has created a prototype device that converts waste heat from industrial processes into electricity using advanced thermoelectric materials. The system could improve energy efficiency in manufacturing plants. Lead engineer Dr Sofia Alvarez said the technology addresses a major source of wasted energy. “Capturing heat that would otherwise escape is a practical step toward sustainability,” she noted.,
A professional volleyball championship final drew a record crowd to the national arena. The match featured intense rallies and dramatic comebacks. League officials said growing spectator interest reflects the sport’s rising popularity. “Volleyball combines athleticism and strategy in a compelling way,” observed commentator Jordan Hayes.,
A cultural heritage trust has begun restoring a series of historic lighthouses along the coastline. The project includes structural repairs and interpretive displays about maritime history. Project manager Thomas Ellis said the lighthouses represent important links to the past. “These structures guided generations of sailors,” he explained.,
A university rowing team has won an intercollegiate championship after months of intensive training. The victory came in a closely contested final race on a challenging river course. Coach Rachel Lin said the result reflects teamwork and discipline. “Every stroke counts when the competition is this tight,” she noted.,
A technology start-up has developed software that helps small charities track donations and volunteer schedules more efficiently. The platform includes secure payment processing and automated reminders. Founder Priya Sharma said the tool addresses common administrative challenges for non-profits. “Charities should focus on their mission, not paperwork,” she explained.,
A regional art festival has showcased work from emerging painters and sculptors in a converted warehouse space. The event includes live demonstrations and artist talks. Curator Claire Dubois said the festival provides a platform for new voices. “Fresh perspectives keep the arts vibrant,” she noted.,
A national triathlon event has attracted competitors from multiple countries for its challenging swim-bike-run course. The race tests endurance across varied terrain. Organisers said participation continues to grow as triathlon gains popularity. “It’s a demanding but rewarding sport,” explained race director Hannah Cole., A regional transport authority has introduced a fleet of electric buses on key commuter routes, aiming to cut emissions and improve air quality in urban centres. The new vehicles, equipped with fast-charging technology, replace older diesel models and feature improved accessibility for passengers with mobility needs. Authority director Rebecca Langford said the transition forms part of a broader strategy to achieve zero-emission public transport by 2035. “Reliable, clean buses encourage more people to leave their cars at home,” she explained. Early passenger feedback highlights quieter journeys and smoother acceleration. The authority plans to expand the electric fleet over the next three years with additional charging infrastructure at depots.,
A small publishing house has launched a subscription service offering limited-edition short story collections from emerging writers. Each quarterly box includes a signed booklet, artwork and a handwritten note from the author. Founder Margaret Tull said the model supports new voices while building direct relationships with readers. “People want something tangible in an increasingly digital world,” she noted. Initial subscribers have praised the curated selection and personal touch. The service has already attracted interest from independent bookshops looking to stock related merchandise.,
An international chess tournament held in a historic hall concluded with a surprise victory by a seventeen-year-old prodigy over several grandmasters. The young player’s aggressive style and deep preparation drew widespread admiration. Tournament director Simon Grant said the event showcased the sport’s evolving talent pool. “Chess continues to attract brilliant minds across generations,” he explained. The win has secured the champion’s place in next year’s elite circuit.,
A university laboratory has created a biodegradable alternative to single-use plastics using plant-based polymers derived from agricultural waste. The material decomposes fully within months under composting conditions while maintaining strength comparable to conventional plastics. Lead researcher Dr Elena Markovic said the development addresses growing concerns about plastic pollution. “We need solutions that perform without harming the environment,” she noted. Early partnerships with packaging companies are testing the material in food containers and bags.,
A community radio station has expanded its reach by streaming live broadcasts online, allowing former residents and diaspora communities to stay connected. The station features local news, music and interviews with residents. Station manager Fiona Walsh said digital access has increased listenership significantly. “Our stories matter beyond physical borders,” she explained. Volunteers have produced special programmes celebrating regional heritage and current issues.,
A professional handball league has introduced video assistant referee technology for key matches to improve decision accuracy. The system allows officials to review contentious incidents such as goals and penalties. League commissioner Jordan Hayes said the change follows successful trials in international competitions. “Fairness and transparency benefit everyone involved,” he noted. Players and coaches have welcomed the added layer of scrutiny.,
A historic cinema has reopened after extensive restoration that preserved its art deco interior while upgrading projection and sound systems. The venue now screens a mix of classic films, independent releases and community events. Manager Louise Grant said the project revives a cultural landmark for new generations. “This building has hosted memories for decades,” she explained. Opening night sold out quickly with a programme of restored silent films accompanied by live music.,
An agricultural cooperative has invested in precision irrigation systems that use soil moisture sensors to optimise water usage across large fields. The technology reduces waste while maintaining crop yields. Chairman Peter Holbrook said the upgrade responds to increasing pressure on water resources. “Efficient farming benefits both producers and the environment,” he noted. Participating farmers report lower utility costs and improved harvest consistency.,
A national table tennis championship featured several upsets as younger players challenged established stars. The event highlighted growing depth in the sport. Federation officials said increased youth participation is paying dividends. “Talent development is creating exciting competition,” explained president Oliver Grant.,
A technology incubator has welcomed its latest cohort of start-ups focusing on sustainable materials and circular economy solutions. The programme provides mentorship, workspace and seed funding. Director Liam Patel said the selected ventures address pressing environmental challenges. “Innovation must align with planetary boundaries,” he noted. Several participants have already secured pilot contracts with major manufacturers.,
A regional literary festival has hosted discussions with authors exploring themes of climate change and resilience. The event included readings, workshops and public conversations. Organiser Claire Dubois said literature plays a vital role in shaping environmental awareness. “Stories help us imagine different futures,” she explained.,
A professional ice hockey team has unveiled new training facilities featuring advanced analytics and recovery suites. The centre includes cryotherapy chambers and motion-capture systems for performance optimisation. Team captain Jordan Hayes said the investment supports long-term athlete development. “Preparation at this level makes the difference,” he noted.,
A cultural organisation has launched a project documenting oral histories from rural communities facing economic transition. Trained interviewers record personal stories for an online archive. Project manager Thomas Ellis said preserving these narratives ensures diverse perspectives endure. “Local voices often go unheard in national conversations,” he explained.,
A national gymnastics meet concluded with strong performances from junior competitors across multiple disciplines. The event showcased technical precision and artistic expression. Federation officials hope the results inspire greater participation at grassroots level.,
A software cooperative has released a toolkit enabling small businesses to create custom mobile applications without coding expertise. The platform uses drag-and-drop interfaces and pre-built templates. Developer Sofia Alvarez said the tool democratises digital presence. “Every business should have access to modern technology,” she noted.,
A historic lighthouse overlooking a busy shipping lane has been restored and opened to the public as an educational centre. Visitors can climb the tower and learn about maritime navigation history. Manager Sarah Bennett said the site attracts both tourists and school groups. “Understanding our seafaring past informs our present,” she explained.,
A professional tennis circuit has announced venues for next season’s tournaments, including new stops in secondary cities to broaden geographic reach. Organisers said the expansion responds to growing interest in the sport. “More locations mean more opportunities for fans,” explained tournament director Simon Grant.,
A research group has demonstrated a prototype network for transmitting data between underwater sensors using acoustic signals. The system could support ocean monitoring and marine research. Lead engineer Dr Marcus Hale said reliable underwater communication remains a major challenge. “This advances our ability to observe changing seas,” he noted.,
A theatre festival dedicated to experimental works has concluded with award presentations and audience discussions. Organisers reported high attendance and diverse programming. Director Aisha Khan said the event fosters innovation in performance. “Risk-taking keeps theatre alive,” she explained.,
A national marathon has raised significant funds for health charities while attracting international runners to its scenic course. Participants praised the supportive atmosphere and well-organised event. Race director Hannah Cole said community involvement remains central. “People run for causes that matter to them,” she noted., A regional food bank network has partnered with local supermarkets to install smart fridges that allow surplus produce to be donated directly to those in need. The fridges use sensors to monitor stock levels and send alerts when collection is required. Network coordinator Sarah Bennett said the system reduces food waste while providing fresh items to vulnerable households. “Timing is critical with perishable goods,” she explained. Early installations have shown significant increases in donated volumes. Retail partners report minimal disruption to operations.,
A new virtual reality experience recreating a medieval castle has opened at a regional museum, allowing visitors to explore interactive historical scenes. Users wear headsets to walk through reconstructed rooms, interact with digital characters and witness daily life from the period. Curator Thomas Ellis said the installation bridges past and present. “VR makes history tangible for younger audiences,” he noted. School groups have booked sessions as part of curriculum support.,
A parliamentary committee has recommended increased funding for mental health services in schools following evidence of rising demand among students. The report highlights benefits of early intervention and trained counsellors on site. Committee chair David Langford said prevention is more effective than later treatment. “Supporting young people now prevents greater challenges later,” he explained. Education authorities are considering implementation timelines.,
A professional darts tournament concluded with a dramatic comeback victory in the final match. The champion overcame a substantial deficit to win on the last throw. Spectators filled the venue for the closing sessions. Tournament director Simon Grant said the event demonstrated the sport’s growing appeal. “Precision under pressure captivates audiences,” he noted.,
A start-up has launched a platform connecting freelance creatives with small businesses seeking affordable design and content services. The marketplace includes rating systems and project management tools. Founder Priya Sharma said the service fills a gap for companies without in-house teams. “Quality creative work should be accessible to everyone,” she explained. Early adopters report faster turnaround times and cost savings.,
An independent podcast series examining local folklore has gained a national following after featuring stories from different regions each episode. Host Liam Harper collects oral accounts from community members before adding historical context. Listeners praise the blend of storytelling and research. “These tales preserve cultural memory,” he noted. The series plans special live recordings at festivals.,
A coastal town council has approved plans for a marine education centre focused on ocean conservation and sustainable fishing practices. The facility will include interactive exhibits, classrooms and research labs. Project manager Rebecca Langford said the centre aims to engage both residents and visitors. “Understanding the sea is key to protecting it,” she explained.,
A youth basketball programme has expanded to include girls-only sessions in response to growing participation. The sessions offer skill development and team-building activities. Coordinator Marcus Reid said the initiative promotes inclusivity in sport. “Every young person deserves equal opportunities,” he noted.,
A technology firm has released an AI-powered tool that assists teachers in creating personalised learning plans based on student performance data. The platform analyses assessment results and suggests tailored resources. Developer Sofia Alvarez said the system reduces administrative burden. “Teachers can focus more on instruction,” she explained.,
A historic bridge has undergone major restoration work to preserve its Victorian engineering while improving safety for modern traffic. The project included strengthening supports and adding pedestrian pathways. Engineer Dr Marcus Hale said the work balances heritage and function. “These structures are part of our shared history,” he noted.,
A professional rugby sevens tournament featured intense competition across multiple nations. The fast-paced format produced exciting matches. League officials said the event highlights the sport’s global growth. “Sevens brings dynamic energy to rugby,” observed commentator Jordan Hayes.,
A cultural festival celebrating regional cuisine has expanded to include cooking demonstrations and ingredient sourcing talks. The event draws food producers and chefs. Organiser Claire Dubois said it promotes local food systems. “Knowing where food comes from strengthens community ties,” she explained.,
A national archery championship concluded with several record scores in target events. Competitors demonstrated exceptional focus and technique. Federation president Oliver Grant said the standard continues to rise. “Precision sports reward dedication,” he noted.,
A software developer has created an open platform for collaborative music composition, allowing remote musicians to work together in real time. The tool includes version control and audio sharing. Creator Alex Rivera said the project supports creative communities. “Music making should be borderless,” he explained.,
A regional wind farm has begun generating power after completing final turbine installations. The development supplies clean energy to thousands of homes. Project director Stefan Lund said community consultations shaped the final design. “Renewables benefit everyone,” he noted.,
A professional snooker tournament has introduced new time controls to maintain pace of play. The changes include shot clocks for certain frames. Organisers said the adjustment improves viewing experience. “Faster play keeps audiences engaged,” explained tournament director Simon Grant.,
A community heritage project has documented traditional crafts through video tutorials and workshops. Participants learn skills from experienced practitioners. Coordinator Sarah Bennett said the initiative preserves knowledge at risk of being lost. “Handmade traditions connect us to the past,” she explained.,
A national badminton federation has launched a junior development programme with regional training centres. The initiative provides coaching and equipment support. Officials hope it will produce future champions. “Early investment pays long-term dividends,” noted federation president Oliver Grant.,
A technology start-up has developed sensors for monitoring building energy use in real time. The devices identify inefficiencies and suggest improvements. Founder Priya Sharma said the system helps reduce carbon footprints. “Small changes add up to significant savings,” she explained.,
A regional theatre company has premiered an original play about rural life and economic change. The production draws from local interviews and experiences. Director Amina Rafiq said authentic stories resonate deeply. “Theatre can reflect and challenge communities,” she noted., A regional brewery has launched a line of low-alcohol beers crafted with locally grown hops and barley. The new range responds to growing demand for lighter options without compromising flavour. Head brewer Elena Moreau said the recipes were developed through extensive tasting panels with customers. “People want to enjoy beer responsibly while still experiencing quality,” she explained. Distribution has begun to pubs and shops across the region. Industry analysts note the low-alcohol segment continues to expand rapidly.,
An outdoor sculpture trail has opened in a public park, featuring works by local artists using recycled materials. The installations encourage visitors to explore different paths and viewpoints. Curator Claire Dubois said the trail combines art with environmental awareness. “Public spaces become galleries when creativity meets community,” she noted. The exhibition will remain for six months with guided tours available.,
A parliamentary debate has focused on proposals to extend broadband coverage to remote rural areas through satellite and fixed wireless networks. Supporters argued improved connectivity would boost economic opportunities and education access. Minister Rebecca Langford said the government is committed to universal coverage. “No community should be left behind in the digital age,” she explained. Opposition members called for faster implementation timelines.,
A professional squash tournament concluded with a five-game final that showcased exceptional endurance and shot-making. The champion recovered from a two-game deficit to win. Spectators filled the venue for the closing matches. Tournament director Simon Grant said the sport’s intensity continues to attract new fans. “Squash demands both physical and mental strength,” he noted.,
A start-up has developed an app that helps small farmers sell directly to consumers through pre-order boxes of seasonal produce. The platform handles payments, delivery scheduling and communication. Founder Priya Sharma said the service reduces reliance on supermarkets. “Fresh, local food should be easy to access,” she explained. Participating farms report higher margins and stronger customer relationships.,
An independent documentary about urban wildlife has premiered at a regional film festival. The film follows animals adapting to city environments and the people who observe them. Director Liam Harper said the project highlights coexistence in changing landscapes. “Nature persists even in concrete jungles,” he noted. Festival audiences praised the cinematography and thoughtful narration.,
A coastal conservation group has installed artificial reefs to support marine biodiversity and protect shorelines from erosion. The structures use eco-friendly materials designed to encourage coral and fish growth. Project coordinator Sarah Bennett said the reefs also create diving sites for tourism. “Healthy seas benefit wildlife and local economies,” she explained.,
A youth cricket academy has introduced coaching sessions focused on mental resilience and tactical awareness alongside technical skills. The programme includes workshops with sports psychologists. Coordinator Marcus Reid said mental preparation is increasingly important. “The game is won in the mind as much as on the field,” he noted.,
A technology company has released a tool that automates routine bookkeeping tasks for small businesses using AI to categorise transactions. The platform integrates with bank accounts and generates simple reports. Developer Sofia Alvarez said it saves hours of manual work. “Owners should focus on growth, not paperwork,” she explained.,
A historic market hall has been refurbished to host weekly artisan food stalls and cultural events. The restoration preserved original ironwork and vaulted ceilings while adding modern lighting and accessibility features. Manager Louise Grant said the space now serves as a community gathering point. “Markets bring people together,” she noted.,
A professional netball league has expanded its youth development programme with regional training hubs. The initiative provides pathways for talented players to reach elite levels. League officials said investment in grassroots talent ensures long-term success. “The future of the sport depends on today’s juniors,” explained commissioner Jordan Hayes.,
A cultural organisation has published an online archive of regional folk songs recorded over decades. The collection includes lyrics, melodies and historical notes. Project manager Thomas Ellis said the archive preserves intangible heritage. “These songs carry stories across generations,” he explained.,
A national judo championship featured strong performances from both veterans and newcomers. The event highlighted technical skill and sportsmanship. Federation president Oliver Grant said judo continues to grow in popularity. “Discipline and respect define the sport,” he noted.,
A software platform has been launched to help community groups organise events and manage volunteers more efficiently. The tool includes calendars, communication channels and task assignment. Founder Alex Rivera said it addresses common organisational challenges. “Strong communities need good coordination,” he explained.,
A regional solar farm has reached full capacity and begun supplying power to the national grid. The development includes battery storage to balance supply during peak demand. Project director Stefan Lund said the site demonstrates viable large-scale renewables. “Clean energy is now a practical reality,” he noted.,
A professional badminton doubles pair has won their first major title after years of consistent performances. The victory came in a hard-fought final against top seeds. Spectators applauded the teamwork and athleticism displayed. League officials said doubles remains a highlight of the sport.,
A community heritage trust has restored a series of old stone walls that once marked field boundaries. The project involved local volunteers learning traditional dry-stone techniques. Coordinator Sarah Bennett said the walls are important landscape features. “They tell the story of land use over centuries,” she explained.,
A national archery federation has introduced adaptive equipment for visually impaired competitors. The system uses tactile and audio guides to assist aiming. Officials hope the changes will increase participation. “Archery should be open to everyone,” noted president Oliver Grant.,
A technology start-up has created sensors for monitoring indoor air quality in schools and offices. The devices detect carbon dioxide, particulates and volatile compounds. Founder Priya Sharma said healthy air improves concentration and wellbeing. “We spend most of our time indoors,” she explained.,
A regional theatre group has staged a series of promenade performances in historic town streets. The productions bring stories to public spaces with minimal sets. Director Amina Rafiq said the approach makes theatre immediate and accessible. “The town itself becomes part of the stage,” she noted.,









